<?xml version="1.0" encoding="UTF-8"?>
<!-- 
    Copy this file to your Kodi userdata/keymaps/ folder.
    On Linux: ~/.kodi/userdata/keymaps/
    On Android: /Android/data/org.xbmc.kodi/files/.kodi/userdata/keymaps/
-->
<keymap>
    <FullscreenVideo>
        <keyboard>
            <!-- Long press Enter/Return to open Context Menu -->
            <return mod="longpress">ContextMenu</return>
            <enter mod="longpress">ContextMenu</enter>
            <!-- Long press 'R' to open Context Menu -->
            <r mod="longpress">ContextMenu</r>
        </keyboard>
        <remote>
            <!-- Long press Select/OK center button to open Context Menu -->
            <select mod="longpress">ContextMenu</select>
        </remote>
    </FullscreenVideo>
</keymap>
