<?xml version="1.0" encoding="UTF-8"?>
<!-- Foundation -->
<window id="2005">
    <onunload condition="Skin.HasSetting(home.netflix.autoplay.trailer) + $EXP[TrailerIsPlaying] + String.IsEmpty(Window(home).Property(TrailerPath))">SetProperty(TrailerPath,$INFO[Window(home).Property(TrailerPath2)],home)</onunload>
    <onunload condition="Skin.HasSetting(home.netflix.autoplay.trailer) + $EXP[TrailerIsPlaying]">SetProperty(TrailerIsPlayingFullscreen,1,home)</onunload>
    <onload condition="Skin.HasSetting(osd.info.fullscreen)">SetProperty(osdinfo,1,home)</onload>
    <onunload condition="Skin.HasSetting(osd.info.fullscreen)">ClearProperty(osdinfo,home)</onunload>
    <controls>
        <control type="group" id="0">
            <left>0</left>
            <include>Animation.FadeIn</include>
            <visible>Control.IsVisible(10) | Control.IsVisible(11) | Control.IsVisible(12)</visible>
            <control type="image">
                <width>1920</width>
                <height>325</height>
                <texture colordiffuse="OSDBack" flipy="false">common/white.png</texture>
            </control>
            <control type="grouplist">
                <posx>20</posx>
                <posy>20</posy>
                <orientation>vertical</orientation>
                <control type="label" id="10">
                    <description>row 1 label</description>
                    <width>auto</width>
                    <height>75</height>
                    <align>left</align>
                    <aligny>top</aligny>
                    <textcolor>PanelWhite100</textcolor>
                </control>
                <control type="label" id="11">
                    <description>row 2 label</description>
                    <height>75</height>
                    <width>auto</width>
                    <align>left</align>
                    <aligny>top</aligny>
                    <textcolor>PanelWhite100</textcolor>
                </control>
                <control type="label" id="12">
                    <description>row 3 label</description>
                    <width>auto</width>
                    <height>75</height>
                    <align>left</align>
                    <aligny>top</aligny>
                    <textcolor>PanelWhite100</textcolor>
                </control>
            </control>
        </control>

        <control type="group" id="2">
            <depth>DepthOSD+</depth>
            <visible>Skin.HasSetting(osd.useleftCodecStartupLogos)</visible>
            <left>35</left>
            <animation type="WindowOpen" condition="!Skin.HasSetting(osd.useOneSecondCodecLogos) + !Skin.HasSetting(osd.useTwoSecondsCodecLogos) + !Skin.HasSetting(osd.useThreeSecondsCodecLogos) + !Skin.HasSetting(osd.useFourSecondsCodecLogos) + !Skin.HasSetting(osd.useFiveSecondsCodecLogos) + !Skin.HasSetting(osd.useSixSecondsCodecLogos) + !Skin.HasSetting(osd.useSevenSecondsCodecLogos) + !Skin.HasSetting(osd.useEightSecondsCodecLogos) + !Skin.HasSetting(osd.useNineSecondsCodecLogos) + !Skin.HasSetting(osd.useTenSecondsCodecLogos) + !Skin.HasSetting(osd.useElevenSecondsCodecLogos) + !Skin.HasSetting(osd.useTwelveSecondsCodecLogos) + !Skin.HasSetting(osd.useThirteenSecondsCodecLogos) + !Skin.HasSetting(osd.useFourteenSecondsCodecLogos) + !Skin.HasSetting(osd.useFifteenSecondsCodecLogos)">
                <effect type="fade" start="0" end="100" time="300" />
                <effect type="fade" start="100" end="0" delay="7000" time="500" tween="sine" />
            </animation>
            <animation type="WindowOpen" condition="Skin.HasSetting(osd.useOneSecondCodecLogos)">
                <effect type="fade" start="0" end="100" time="300" />
                <effect type="fade" start="100" end="0" delay="3000" time="500" tween="sine" />
            </animation>
            <animation type="WindowOpen" condition="Skin.HasSetting(osd.useTwoSecondsCodecLogos)">
                <effect type="fade" start="0" end="100" time="300" />
                <effect type="fade" start="100" end="0" delay="4000" time="500" tween="sine" />
            </animation>
            <animation type="WindowOpen" condition="Skin.HasSetting(osd.useThreeSecondsCodecLogos)">
                <effect type="fade" start="0" end="100" time="300" />
                <effect type="fade" start="100" end="0" delay="5000" time="500" tween="sine" />
            </animation>
            <animation type="WindowOpen" condition="Skin.HasSetting(osd.useFourSecondsCodecLogos)">
                <effect type="fade" start="0" end="100" time="300" />
                <effect type="fade" start="100" end="0" delay="6000" time="500" tween="sine" />
            </animation>
            <animation type="WindowOpen" condition="Skin.HasSetting(osd.useFiveSecondsCodecLogos)">
                <effect type="fade" start="0" end="100" time="300" />
                <effect type="fade" start="100" end="0" delay="7000" time="500" tween="sine" />
            </animation>
            <animation type="WindowOpen" condition="Skin.HasSetting(osd.useSixSecondsCodecLogos)">
                <effect type="fade" start="0" end="100" time="300" />
                <effect type="fade" start="100" end="0" delay="8000" time="500" tween="sine" />
            </animation>
            <animation type="WindowOpen" condition="Skin.HasSetting(osd.useSevenSecondsCodecLogos)">
                <effect type="fade" start="0" end="100" time="300" />
                <effect type="fade" start="100" end="0" delay="9000" time="500" tween="sine" />
            </animation>
            <animation type="WindowOpen" condition="Skin.HasSetting(osd.useEightSecondsCodecLogos)">
                <effect type="fade" start="0" end="100" time="300" />
                <effect type="fade" start="100" end="0" delay="10000" time="500" tween="sine" />
            </animation>
            <animation type="WindowOpen" condition="Skin.HasSetting(osd.useNineSecondsCodecLogos)">
                <effect type="fade" start="0" end="100" time="300" />
                <effect type="fade" start="100" end="0" delay="11000" time="500" tween="sine" />
            </animation>
            <animation type="WindowOpen" condition="Skin.HasSetting(osd.useTenSecondsCodecLogos)">
                <effect type="fade" start="0" end="100" time="300" />
                <effect type="fade" start="100" end="0" delay="12000" time="500" tween="sine" />
            </animation>
            <animation type="WindowOpen" condition="Skin.HasSetting(osd.useElevenSecondsCodecLogos)">
                <effect type="fade" start="0" end="100" time="300" />
                <effect type="fade" start="100" end="0" delay="13000" time="500" tween="sine" />
            </animation>
            <animation type="WindowOpen" condition="Skin.HasSetting(osd.useTwelveSecondsCodecLogos)">
                <effect type="fade" start="0" end="100" time="300" />
                <effect type="fade" start="100" end="0" delay="14000" time="500" tween="sine" />
            </animation>
            <animation type="WindowOpen" condition="Skin.HasSetting(osd.useThirteenSecondsCodecLogos)">
                <effect type="fade" start="0" end="100" time="300" />
                <effect type="fade" start="100" end="0" delay="15000" time="500" tween="sine" />
            </animation>
            <animation type="WindowOpen" condition="Skin.HasSetting(osd.useFourteenSecondsCodecLogos)">
                <effect type="fade" start="0" end="100" time="300" />
                <effect type="fade" start="100" end="0" delay="16000" time="500" tween="sine" />
            </animation>
            <animation type="WindowOpen" condition="Skin.HasSetting(osd.useFifteenSecondsCodecLogos)">
                <effect type="fade" start="0" end="100" time="300" />
                <effect type="fade" start="100" end="0" delay="17000" time="500" tween="sine" />
            </animation>
			
            <include content="Video_Audio_Background_Flag">
                <param name="groupId">46</param>
                <param name="imageId">47</param>
                <param name="visible">!String.IsEmpty(Player.Process(video.source.hdr.type.raw)) + !String.IsEmpty(VideoPlayer.AudioCodec)</param>
                <param name="texture">common/corner.png</param>
                <param name="colordiffuse">80FFFFFF</param>
            </include>
			
            <include content="Video_Background_Flag">
                <param name="groupId">48</param>
                <param name="imageId">49</param>
                <param name="visible">!String.IsEmpty(Player.Process(video.source.hdr.type.raw)) + String.IsEmpty(VideoPlayer.AudioCodec)</param>
                <param name="texture">common/corner_small.png</param>
                <param name="colordiffuse">80FFFFFF</param>
            </include>
			
            <include content="Audio_Background_Flag">
                <param name="groupId">50</param>
                <param name="imageId">51</param>
                <param name="visible">String.IsEmpty(Player.Process(video.source.hdr.type.raw)) + !String.IsEmpty(VideoPlayer.AudioCodec)</param>
                <param name="texture">common/corner_small.png</param>
                <param name="colordiffuse">80FFFFFF</param>
            </include>
			
            <include content="SDR_Bypass_Flag">
                <param name="groupId">52</param>
                <param name="imageId">53</param>
                <param name="visible">String.IsEqual(Player.Process(video.source.hdr.type.raw), 0) + String.Contains(Player.Process(amlogic.vs10.mode),Bypass)</param>
                <param name="texture">codecs/SDR.png</param>
                <param name="colordiffuse">dialog_fg_90</param>
            </include>
			
            <include content="HDR10_Bypass_Flag">
                <param name="groupId">54</param>
                <param name="imageId">55</param>
                <param name="visible">String.IsEqual(Player.Process(video.source.hdr.type.raw), 1) + String.Contains(Player.Process(amlogic.vs10.mode),Bypass)</param>
                <param name="texture">codecs/HDR10.png</param>
                <param name="colordiffuse">dialog_fg_90</param>
            </include>
			
            <include content="HDR10Plus_Bypass_Flag">
                <param name="groupId">56</param>
                <param name="imageId">57</param>
                <param name="visible">String.IsEqual(Player.Process(video.source.hdr.type.raw), 2) + String.Contains(Player.Process(amlogic.vs10.mode),Bypass)</param>
                <param name="texture">codecs/HDR10Plus.png</param>
                <param name="colordiffuse">dialog_fg_90</param>
            </include>
			
            <include content="DV_Bypass_Flag">
                <param name="groupId">58</param>
                <param name="imageId">59</param>
                <param name="visible">String.IsEqual(Player.Process(video.source.hdr.type.raw), 3) + String.Contains(Player.Process(amlogic.vs10.mode),Bypass)</param>
                <param name="texture">codecs/Dolby_Vision.png</param>
                <param name="colordiffuse">dialog_fg_90</param>
            </include>
			
            <include content="HLG_Bypass_Flag">
                <param name="groupId">60</param>
                <param name="imageId">61</param>
                <param name="visible">String.IsEqual(Player.Process(video.source.hdr.type.raw), 4) + String.Contains(Player.Process(amlogic.vs10.mode),Bypass)</param>
                <param name="texture">codecs/HLG.png</param>
                <param name="colordiffuse">dialog_fg_90</param>
            </include>
			
            <include content="VS10_SDR_Flag">
                <param name="groupId">62</param>
                <param name="imageId">63</param>
                <param name="visible">String.Contains(Player.Process(amlogic.vs10.mode),SDR)</param>
                <param name="texture">codecs/SDR.png</param>
                <param name="colordiffuse">dialog_fg_90</param>
            </include>
			
            <include content="VS10_HDR10_Flag">
                <param name="groupId">64</param>
                <param name="imageId">65</param>
                <param name="visible">String.Contains(Player.Process(amlogic.vs10.mode),HDR10)</param>
                <param name="texture">codecs/HDR10.png</param>
                <param name="colordiffuse">dialog_fg_90</param>
            </include>
			
            <include content="VS10_HDR10Plus_Flag">
                <param name="groupId">66</param>
                <param name="imageId">67</param>
                <param name="visible">String.IsEqual(Player.Process(video.source.hdr.type.raw), 2) + !String.Contains(Player.Process(amlogic.vs10.mode),Dolby Vision) + !String.Contains(Player.Process(amlogic.vs10.mode),SDR) + !String.Contains(Player.Process(amlogic.vs10.mode),HLG)</param>
                <param name="texture">codecs/HDR10Plus.png</param>
                <param name="colordiffuse">dialog_fg_90</param>
            </include>
			
            <include content="VS10_DV_Flag">
                <param name="groupId">68</param>
                <param name="imageId">69</param>
                <param name="visible">String.Contains(Player.Process(amlogic.vs10.mode),Dolby Vision)</param>
                <param name="texture">codecs/Dolby_Vision.png</param>
                <param name="colordiffuse">dialog_fg_90</param>
            </include>
			
            <include content="VS10_HLG_Flag">
                <param name="groupId">70</param>
                <param name="imageId">71</param>
                <param name="visible">String.Contains(Player.Process(amlogic.vs10.mode),HLG)</param>
                <param name="texture">codecs/Dolby_Vision.png</param>
                <param name="colordiffuse">dialog_fg_90</param>
            </include>
			
            <include content="Separation_Line_Flag">
                <param name="groupId">72</param>
                <param name="imageId">73</param>
                <param name="visible">String.IsEqual(VideoPlayer.AudioCodec,aac) | String.IsEqual(VideoPlayer.AudioCodec,aac_latm) | String.IsEqual(VideoPlayer.AudioCodec,ac3) | String.IsEqual(VideoPlayer.AudioCodec,dca) | String.IsEqual(VideoPlayer.AudioCodec,dolbydigital) | String.IsEqual(VideoPlayer.AudioCodec,dtshd) | String.IsEqual(VideoPlayer.AudioCodec,dtshd_ma) | String.IsEqual(VideoPlayer.AudioCodec,dtshd_hra) | String.IsEqual(VideoPlayer.AudioCodec,dtshd_ma_x) | String.IsEqual(VideoPlayer.AudioCodec,dtshd_ma_x_imax) | String.IsEqual(VideoPlayer.AudioCodec,eac3) | String.IsEqual(VideoPlayer.AudioCodec,eac3_ddp_atmos) | String.IsEqual(VideoPlayer.AudioCodec,mp3) | String.IsEqual(VideoPlayer.AudioCodec,mp3float) | String.IsEqual(VideoPlayer.AudioCodec,flac) | String.IsEqual(VideoPlayer.AudioCodec,opus) | String.IsEqual(VideoPlayer.AudioCodec,pcm) | String.IsEqual(VideoPlayer.AudioCodec,pcm_bluray) | String.IsEqual(VideoPlayer.AudioCodec,pcm_s16le) | String.IsEqual(VideoPlayer.AudioCodec,pcm_s24le) | String.IsEqual(VideoPlayer.AudioCodec,truehd) | String.IsEqual(VideoPlayer.AudioCodec,truehd_atmos)</param>
                <param name="texture">common/selectedwhite.png</param>
                <param name="colordiffuse">80FFFFFF</param>
            </include>
			
            <include content="PCM_Flag">
                <param name="groupId">74</param>
                <param name="imageId">75</param>
                <param name="visible">String.IsEqual(VideoPlayer.AudioCodec,pcm) | String.IsEqual(VideoPlayer.AudioCodec,pcm_bluray) | String.IsEqual(VideoPlayer.AudioCodec,pcm_s16le) | String.IsEqual(VideoPlayer.AudioCodec,pcm_s24le)</param>
                <param name="texture">codecs/PCM.png</param>
                <param name="colordiffuse">dialog_fg_90</param>
            </include>
			
            <include content="AAC_Flag">
                <param name="groupId">76</param>
                <param name="imageId">77</param>
                <param name="visible">String.IsEqual(VideoPlayer.AudioCodec,aac) | String.IsEqual(VideoPlayer.AudioCodec,aac_latm)</param>
                <param name="texture">codecs/AAC.png</param>
                <param name="colordiffuse">dialog_fg_90</param>
            </include>
			
            <include content="Dolby_Digital_Flag">
                <param name="groupId">78</param>
                <param name="imageId">79</param>
                <param name="visible">String.IsEqual(VideoPlayer.AudioCodec,dolbydigital) | String.IsEqual(VideoPlayer.AudioCodec,ac3)</param>
                <param name="texture">codecs/Dolby_Digital.png</param>
                <param name="colordiffuse">dialog_fg_90</param>
            </include>
			
            <include content="Dolby_Digital_Plus_Flag">
                <param name="groupId">80</param>
                <param name="imageId">81</param>
                <param name="visible">String.IsEqual(VideoPlayer.AudioCodec,eac3)</param>
                <param name="texture">codecs/Dolby_Digital_Plus.png</param>
                <param name="colordiffuse">dialog_fg_90</param>
            </include>
			
            <include content="Dolby_Atmos_Flag">
                <param name="groupId">82</param>
                <param name="imageId">83</param>
                <param name="visible">String.IsEqual(VideoPlayer.AudioCodec,truehd_atmos)</param>
                <param name="texture">codecs/Dolby_TrueHD_Atmos.png</param>
                <param name="colordiffuse">dialog_fg_90</param>
            </include>
			
            <include content="Dolby_TrueHD_Flag">
                <param name="groupId">84</param>
                <param name="imageId">85</param>
                <param name="visible">String.IsEqual(VideoPlayer.AudioCodec,truehd)</param>
                <param name="texture">codecs/Dolby_TrueHD.png</param>
                <param name="colordiffuse">dialog_fg_90</param>
            </include>
			
            <include content="Dolby_Atmos1_Flag">
                <param name="groupId">86</param>
                <param name="imageId">87</param>
                <param name="visible">String.IsEqual(VideoPlayer.AudioCodec,eac3_ddp_atmos)</param>
                <param name="texture">codecs/Dolby_Digital_Plus_Atmos.png</param>
                <param name="colordiffuse">dialog_fg_90</param>
            </include>
			
            <include content="MP3_Flag">
                <param name="groupId">88</param>
                <param name="imageId">89</param>
                <param name="visible">String.IsEqual(VideoPlayer.AudioCodec,mp3) | String.IsEqual(VideoPlayer.AudioCodec,mp3float)</param>
                <param name="texture">codecs/MP3.png</param>
                <param name="colordiffuse">dialog_fg_90</param>
            </include>
			
            <include content="DTS_Flag">
                <param name="groupId">90</param>
                <param name="imageId">91</param>
                <param name="visible">String.IsEqual(VideoPlayer.AudioCodec,dca)</param>
                <param name="texture">codecs/DTS.png</param>
                <param name="colordiffuse">dialog_fg_90</param>
            </include>
			
            <include content="DTS_HD_MA_Flag">
                <param name="groupId">92</param>
                <param name="imageId">93</param>
                <param name="visible">String.IsEqual(VideoPlayer.AudioCodec,dtshd_ma)</param>
                <param name="texture">codecs/DTS-HD-MA.png</param>
                <param name="colordiffuse">dialog_fg_90</param>
            </include>
			
            <include content="DTS_HD_HRA_Flag">
                <param name="groupId">94</param>
                <param name="imageId">95</param>
                <param name="visible">String.IsEqual(VideoPlayer.AudioCodec,dtshd_hra)</param>
                <param name="texture">codecs/DTS-HD-HRA.png</param>
                <param name="colordiffuse">dialog_fg_90</param>
            </include>
			
            <include content="DTS_X_Flag">
                <param name="groupId">96</param>
                <param name="imageId">97</param>
                <param name="visible">String.IsEqual(VideoPlayer.AudioCodec,dtshd_ma_x)</param>
                <param name="texture">codecs/DTSX.png</param>
                <param name="colordiffuse">dialog_fg_90</param>
            </include>
			
            <include content="IMAX_Flag">
                <param name="groupId">98</param>
                <param name="imageId">99</param>
                <param name="visible">String.IsEqual(VideoPlayer.AudioCodec,dtshd_ma_x_imax)</param>
                <param name="texture">codecs/IMAX.png</param>
                <param name="colordiffuse">dialog_fg_90</param>
            </include>
			
            <include content="FLAC_Flag">
                <param name="groupId">100</param>
                <param name="imageId">101</param>
                <param name="visible">String.IsEqual(VideoPlayer.AudioCodec,flac)</param>
                <param name="texture">codecs/FLAC.png</param>
                <param name="colordiffuse">dialog_fg_90</param>
            </include>
			
            <include content="OPUS_Flag">
                <param name="groupId">102</param>
                <param name="imageId">103</param>
                <param name="visible">String.IsEqual(VideoPlayer.AudioCodec,opus)</param>
                <param name="texture">codecs/OPUS.png</param>
                <param name="colordiffuse">dialog_fg_90</param>
            </include>
			
            <include content="VS10_Indicator_Flag">
                <param name="groupId">104</param>
                <param name="imageId">105</param>
                <param name="visible">String.Contains(Player.Process(amlogic.vs10.mode),SDR) | String.Contains(Player.Process(amlogic.vs10.mode),HDR10) | String.Contains(Player.Process(amlogic.vs10.mode),Dolby Vision)</param>
                <param name="texture">codecs/VS10.png</param>
                <param name="colordiffuse">AB16A34A</param>
            </include>
        </control>

        <control type="group" id="3">
            <depth>DepthOSD+</depth>
            <visible>Skin.HasSetting(osd.usecenterCodecStartupLogos)</visible>
            <left>855</left>
            <animation type="WindowOpen" condition="!Skin.HasSetting(osd.useOneSecondCodecLogos) + !Skin.HasSetting(osd.useTwoSecondsCodecLogos) + !Skin.HasSetting(osd.useThreeSecondsCodecLogos) + !Skin.HasSetting(osd.useFourSecondsCodecLogos) + !Skin.HasSetting(osd.useFiveSecondsCodecLogos) + !Skin.HasSetting(osd.useSixSecondsCodecLogos) + !Skin.HasSetting(osd.useSevenSecondsCodecLogos) + !Skin.HasSetting(osd.useEightSecondsCodecLogos) + !Skin.HasSetting(osd.useNineSecondsCodecLogos) + !Skin.HasSetting(osd.useTenSecondsCodecLogos) + !Skin.HasSetting(osd.useElevenSecondsCodecLogos) + !Skin.HasSetting(osd.useTwelveSecondsCodecLogos) + !Skin.HasSetting(osd.useThirteenSecondsCodecLogos) + !Skin.HasSetting(osd.useFourteenSecondsCodecLogos) + !Skin.HasSetting(osd.useFifteenSecondsCodecLogos)">
                <effect type="fade" start="0" end="100" time="300" />
                <effect type="fade" start="100" end="0" delay="7000" time="500" tween="sine" />
            </animation>
            <animation type="WindowOpen" condition="Skin.HasSetting(osd.useOneSecondCodecLogos)">
                <effect type="fade" start="0" end="100" time="300" />
                <effect type="fade" start="100" end="0" delay="3000" time="500" tween="sine" />
            </animation>
            <animation type="WindowOpen" condition="Skin.HasSetting(osd.useTwoSecondsCodecLogos)">
                <effect type="fade" start="0" end="100" time="300" />
                <effect type="fade" start="100" end="0" delay="4000" time="500" tween="sine" />
            </animation>
            <animation type="WindowOpen" condition="Skin.HasSetting(osd.useThreeSecondsCodecLogos)">
                <effect type="fade" start="0" end="100" time="300" />
                <effect type="fade" start="100" end="0" delay="5000" time="500" tween="sine" />
            </animation>
            <animation type="WindowOpen" condition="Skin.HasSetting(osd.useFourSecondsCodecLogos)">
                <effect type="fade" start="0" end="100" time="300" />
                <effect type="fade" start="100" end="0" delay="6000" time="500" tween="sine" />
            </animation>
            <animation type="WindowOpen" condition="Skin.HasSetting(osd.useFiveSecondsCodecLogos)">
                <effect type="fade" start="0" end="100" time="300" />
                <effect type="fade" start="100" end="0" delay="7000" time="500" tween="sine" />
            </animation>
            <animation type="WindowOpen" condition="Skin.HasSetting(osd.useSixSecondsCodecLogos)">
                <effect type="fade" start="0" end="100" time="300" />
                <effect type="fade" start="100" end="0" delay="8000" time="500" tween="sine" />
            </animation>
            <animation type="WindowOpen" condition="Skin.HasSetting(osd.useSevenSecondsCodecLogos)">
                <effect type="fade" start="0" end="100" time="300" />
                <effect type="fade" start="100" end="0" delay="9000" time="500" tween="sine" />
            </animation>
            <animation type="WindowOpen" condition="Skin.HasSetting(osd.useEightSecondsCodecLogos)">
                <effect type="fade" start="0" end="100" time="300" />
                <effect type="fade" start="100" end="0" delay="10000" time="500" tween="sine" />
            </animation>
            <animation type="WindowOpen" condition="Skin.HasSetting(osd.useNineSecondsCodecLogos)">
                <effect type="fade" start="0" end="100" time="300" />
                <effect type="fade" start="100" end="0" delay="11000" time="500" tween="sine" />
            </animation>
            <animation type="WindowOpen" condition="Skin.HasSetting(osd.useTenSecondsCodecLogos)">
                <effect type="fade" start="0" end="100" time="300" />
                <effect type="fade" start="100" end="0" delay="12000" time="500" tween="sine" />
            </animation>
            <animation type="WindowOpen" condition="Skin.HasSetting(osd.useElevenSecondsCodecLogos)">
                <effect type="fade" start="0" end="100" time="300" />
                <effect type="fade" start="100" end="0" delay="13000" time="500" tween="sine" />
            </animation>
            <animation type="WindowOpen" condition="Skin.HasSetting(osd.useTwelveSecondsCodecLogos)">
                <effect type="fade" start="0" end="100" time="300" />
                <effect type="fade" start="100" end="0" delay="14000" time="500" tween="sine" />
            </animation>
            <animation type="WindowOpen" condition="Skin.HasSetting(osd.useThirteenSecondsCodecLogos)">
                <effect type="fade" start="0" end="100" time="300" />
                <effect type="fade" start="100" end="0" delay="15000" time="500" tween="sine" />
            </animation>
            <animation type="WindowOpen" condition="Skin.HasSetting(osd.useFourteenSecondsCodecLogos)">
                <effect type="fade" start="0" end="100" time="300" />
                <effect type="fade" start="100" end="0" delay="16000" time="500" tween="sine" />
            </animation>
            <animation type="WindowOpen" condition="Skin.HasSetting(osd.useFifteenSecondsCodecLogos)">
                <effect type="fade" start="0" end="100" time="300" />
                <effect type="fade" start="100" end="0" delay="17000" time="500" tween="sine" />
            </animation>
			
            <include content="Video_Audio_Background_Flag">
                <param name="groupId">46</param>
                <param name="imageId">47</param>
                <param name="visible">!String.IsEmpty(Player.Process(video.source.hdr.type.raw)) + !String.IsEmpty(VideoPlayer.AudioCodec)</param>
                <param name="texture">common/corner.png</param>
                <param name="colordiffuse">80FFFFFF</param>
            </include>
			
            <include content="Video_Background_Flag">
                <param name="groupId">48</param>
                <param name="imageId">49</param>
                <param name="visible">!String.IsEmpty(Player.Process(video.source.hdr.type.raw)) + String.IsEmpty(VideoPlayer.AudioCodec)</param>
                <param name="texture">common/corner_small.png</param>
                <param name="colordiffuse">80FFFFFF</param>
            </include>
			
            <include content="Audio_Background_Flag">
                <param name="groupId">50</param>
                <param name="imageId">51</param>
                <param name="visible">String.IsEmpty(Player.Process(video.source.hdr.type.raw)) + !String.IsEmpty(VideoPlayer.AudioCodec)</param>
                <param name="texture">common/corner_small.png</param>
                <param name="colordiffuse">80FFFFFF</param>
            </include>
			
            <include content="SDR_Bypass_Flag">
                <param name="groupId">52</param>
                <param name="imageId">53</param>
                <param name="visible">String.IsEqual(Player.Process(video.source.hdr.type.raw), 0) + String.Contains(Player.Process(amlogic.vs10.mode),Bypass)</param>
                <param name="texture">codecs/SDR.png</param>
                <param name="colordiffuse">dialog_fg_90</param>
            </include>
			
            <include content="HDR10_Bypass_Flag">
                <param name="groupId">54</param>
                <param name="imageId">55</param>
                <param name="visible">String.IsEqual(Player.Process(video.source.hdr.type.raw), 1) + String.Contains(Player.Process(amlogic.vs10.mode),Bypass)</param>
                <param name="texture">codecs/HDR10.png</param>
                <param name="colordiffuse">dialog_fg_90</param>
            </include>
			
            <include content="HDR10Plus_Bypass_Flag">
                <param name="groupId">56</param>
                <param name="imageId">57</param>
                <param name="visible">String.IsEqual(Player.Process(video.source.hdr.type.raw), 2) + String.Contains(Player.Process(amlogic.vs10.mode),Bypass)</param>
                <param name="texture">codecs/HDR10Plus.png</param>
                <param name="colordiffuse">dialog_fg_90</param>
            </include>
			
            <include content="DV_Bypass_Flag">
                <param name="groupId">58</param>
                <param name="imageId">59</param>
                <param name="visible">String.IsEqual(Player.Process(video.source.hdr.type.raw), 3) + String.Contains(Player.Process(amlogic.vs10.mode),Bypass)</param>
                <param name="texture">codecs/Dolby_Vision.png</param>
                <param name="colordiffuse">dialog_fg_90</param>
            </include>
			
            <include content="HLG_Bypass_Flag">
                <param name="groupId">60</param>
                <param name="imageId">61</param>
                <param name="visible">String.IsEqual(Player.Process(video.source.hdr.type.raw), 4) + String.Contains(Player.Process(amlogic.vs10.mode),Bypass)</param>
                <param name="texture">codecs/HLG.png</param>
                <param name="colordiffuse">dialog_fg_90</param>
            </include>
			
            <include content="VS10_SDR_Flag">
                <param name="groupId">62</param>
                <param name="imageId">63</param>
                <param name="visible">String.Contains(Player.Process(amlogic.vs10.mode),SDR)</param>
                <param name="texture">codecs/SDR.png</param>
                <param name="colordiffuse">dialog_fg_90</param>
            </include>
			
            <include content="VS10_HDR10_Flag">
                <param name="groupId">64</param>
                <param name="imageId">65</param>
                <param name="visible">String.Contains(Player.Process(amlogic.vs10.mode),HDR10)</param>
                <param name="texture">codecs/HDR10.png</param>
                <param name="colordiffuse">dialog_fg_90</param>
            </include>
			
            <include content="VS10_HDR10Plus_Flag">
                <param name="groupId">66</param>
                <param name="imageId">67</param>
                <param name="visible">String.IsEqual(Player.Process(video.source.hdr.type.raw), 2) + !String.Contains(Player.Process(amlogic.vs10.mode),Dolby Vision) + !String.Contains(Player.Process(amlogic.vs10.mode),SDR) + !String.Contains(Player.Process(amlogic.vs10.mode),HLG)</param>
                <param name="texture">codecs/HDR10Plus.png</param>
                <param name="colordiffuse">dialog_fg_90</param>
            </include>
			
            <include content="VS10_DV_Flag">
                <param name="groupId">68</param>
                <param name="imageId">69</param>
                <param name="visible">String.Contains(Player.Process(amlogic.vs10.mode),Dolby Vision)</param>
                <param name="texture">codecs/Dolby_Vision.png</param>
                <param name="colordiffuse">dialog_fg_90</param>
            </include>
			
            <include content="VS10_HLG_Flag">
                <param name="groupId">70</param>
                <param name="imageId">71</param>
                <param name="visible">String.Contains(Player.Process(amlogic.vs10.mode),HLG)</param>
                <param name="texture">codecs/Dolby_Vision.png</param>
                <param name="colordiffuse">dialog_fg_90</param>
            </include>
			
            <include content="Separation_Line_Flag">
                <param name="groupId">72</param>
                <param name="imageId">73</param>
                <param name="visible">String.IsEqual(VideoPlayer.AudioCodec,aac) | String.IsEqual(VideoPlayer.AudioCodec,aac_latm) | String.IsEqual(VideoPlayer.AudioCodec,ac3) | String.IsEqual(VideoPlayer.AudioCodec,dca) | String.IsEqual(VideoPlayer.AudioCodec,dolbydigital) | String.IsEqual(VideoPlayer.AudioCodec,dtshd) | String.IsEqual(VideoPlayer.AudioCodec,dtshd_ma) | String.IsEqual(VideoPlayer.AudioCodec,dtshd_hra) | String.IsEqual(VideoPlayer.AudioCodec,dtshd_ma_x) | String.IsEqual(VideoPlayer.AudioCodec,dtshd_ma_x_imax) | String.IsEqual(VideoPlayer.AudioCodec,eac3) | String.IsEqual(VideoPlayer.AudioCodec,eac3_ddp_atmos) | String.IsEqual(VideoPlayer.AudioCodec,mp3) | String.IsEqual(VideoPlayer.AudioCodec,mp3float) | String.IsEqual(VideoPlayer.AudioCodec,flac) | String.IsEqual(VideoPlayer.AudioCodec,opus) | String.IsEqual(VideoPlayer.AudioCodec,pcm) | String.IsEqual(VideoPlayer.AudioCodec,pcm_bluray) | String.IsEqual(VideoPlayer.AudioCodec,pcm_s16le) | String.IsEqual(VideoPlayer.AudioCodec,pcm_s24le) | String.IsEqual(VideoPlayer.AudioCodec,truehd) | String.IsEqual(VideoPlayer.AudioCodec,truehd_atmos)</param>
                <param name="texture">common/selectedwhite.png</param>
                <param name="colordiffuse">80FFFFFF</param>
            </include>
			
            <include content="PCM_Flag">
                <param name="groupId">74</param>
                <param name="imageId">75</param>
                <param name="visible">String.IsEqual(VideoPlayer.AudioCodec,pcm) | String.IsEqual(VideoPlayer.AudioCodec,pcm_bluray) | String.IsEqual(VideoPlayer.AudioCodec,pcm_s16le) | String.IsEqual(VideoPlayer.AudioCodec,pcm_s24le)</param>
                <param name="texture">codecs/PCM.png</param>
                <param name="colordiffuse">dialog_fg_90</param>
            </include>
			
            <include content="AAC_Flag">
                <param name="groupId">76</param>
                <param name="imageId">77</param>
                <param name="visible">String.IsEqual(VideoPlayer.AudioCodec,aac) | String.IsEqual(VideoPlayer.AudioCodec,aac_latm)</param>
                <param name="texture">codecs/AAC.png</param>
                <param name="colordiffuse">dialog_fg_90</param>
            </include>
			
            <include content="Dolby_Digital_Flag">
                <param name="groupId">78</param>
                <param name="imageId">79</param>
                <param name="visible">String.IsEqual(VideoPlayer.AudioCodec,dolbydigital) | String.IsEqual(VideoPlayer.AudioCodec,ac3)</param>
                <param name="texture">codecs/Dolby_Digital.png</param>
                <param name="colordiffuse">dialog_fg_90</param>
            </include>
			
            <include content="Dolby_Digital_Plus_Flag">
                <param name="groupId">80</param>
                <param name="imageId">81</param>
                <param name="visible">String.IsEqual(VideoPlayer.AudioCodec,eac3)</param>
                <param name="texture">codecs/Dolby_Digital_Plus.png</param>
                <param name="colordiffuse">dialog_fg_90</param>
            </include>
			
            <include content="Dolby_Atmos_Flag">
                <param name="groupId">82</param>
                <param name="imageId">83</param>
                <param name="visible">String.IsEqual(VideoPlayer.AudioCodec,truehd_atmos)</param>
                <param name="texture">codecs/Dolby_TrueHD_Atmos.png</param>
                <param name="colordiffuse">dialog_fg_90</param>
            </include>
			
            <include content="Dolby_TrueHD_Flag">
                <param name="groupId">84</param>
                <param name="imageId">85</param>
                <param name="visible">String.IsEqual(VideoPlayer.AudioCodec,truehd)</param>
                <param name="texture">codecs/Dolby_TrueHD.png</param>
                <param name="colordiffuse">dialog_fg_90</param>
            </include>
			
            <include content="Dolby_Atmos1_Flag">
                <param name="groupId">86</param>
                <param name="imageId">87</param>
                <param name="visible">String.IsEqual(VideoPlayer.AudioCodec,eac3_ddp_atmos)</param>
                <param name="texture">codecs/Dolby_Digital_Plus_Atmos.png</param>
                <param name="colordiffuse">dialog_fg_90</param>
            </include>
			
            <include content="MP3_Flag">
                <param name="groupId">88</param>
                <param name="imageId">89</param>
                <param name="visible">String.IsEqual(VideoPlayer.AudioCodec,mp3) | String.IsEqual(VideoPlayer.AudioCodec,mp3float)</param>
                <param name="texture">codecs/MP3.png</param>
                <param name="colordiffuse">dialog_fg_90</param>
            </include>
			
            <include content="DTS_Flag">
                <param name="groupId">90</param>
                <param name="imageId">91</param>
                <param name="visible">String.IsEqual(VideoPlayer.AudioCodec,dca)</param>
                <param name="texture">codecs/DTS.png</param>
                <param name="colordiffuse">dialog_fg_90</param>
            </include>
			
            <include content="DTS_HD_MA_Flag">
                <param name="groupId">92</param>
                <param name="imageId">93</param>
                <param name="visible">String.IsEqual(VideoPlayer.AudioCodec,dtshd_ma)</param>
                <param name="texture">codecs/DTS-HD-MA.png</param>
                <param name="colordiffuse">dialog_fg_90</param>
            </include>
			
            <include content="DTS_HD_HRA_Flag">
                <param name="groupId">94</param>
                <param name="imageId">95</param>
                <param name="visible">String.IsEqual(VideoPlayer.AudioCodec,dtshd_hra)</param>
                <param name="texture">codecs/DTS-HD-HRA.png</param>
                <param name="colordiffuse">dialog_fg_90</param>
            </include>
			
            <include content="DTS_X_Flag">
                <param name="groupId">96</param>
                <param name="imageId">97</param>
                <param name="visible">String.IsEqual(VideoPlayer.AudioCodec,dtshd_ma_x)</param>
                <param name="texture">codecs/DTSX.png</param>
                <param name="colordiffuse">dialog_fg_90</param>
            </include>
			
            <include content="IMAX_Flag">
                <param name="groupId">98</param>
                <param name="imageId">99</param>
                <param name="visible">String.IsEqual(VideoPlayer.AudioCodec,dtshd_ma_x_imax)</param>
                <param name="texture">codecs/IMAX.png</param>
                <param name="colordiffuse">dialog_fg_90</param>
            </include>
			
            <include content="FLAC_Flag">
                <param name="groupId">100</param>
                <param name="imageId">101</param>
                <param name="visible">String.IsEqual(VideoPlayer.AudioCodec,flac)</param>
                <param name="texture">codecs/FLAC.png</param>
                <param name="colordiffuse">dialog_fg_90</param>
            </include>
			
            <include content="OPUS_Flag">
                <param name="groupId">102</param>
                <param name="imageId">103</param>
                <param name="visible">String.IsEqual(VideoPlayer.AudioCodec,opus)</param>
                <param name="texture">codecs/OPUS.png</param>
                <param name="colordiffuse">dialog_fg_90</param>
            </include>
			
            <include content="VS10_Indicator_Flag">
                <param name="groupId">104</param>
                <param name="imageId">105</param>
                <param name="visible">String.Contains(Player.Process(amlogic.vs10.mode),SDR) | String.Contains(Player.Process(amlogic.vs10.mode),HDR10) | String.Contains(Player.Process(amlogic.vs10.mode),Dolby Vision)</param>
                <param name="texture">codecs/VS10.png</param>
                <param name="colordiffuse">AB16A34A</param>
            </include>
        </control>

        <control type="group" id="4">
            <depth>DepthOSD+</depth>
            <visible>Skin.HasSetting(osd.userightCodecStartupLogos)</visible>
            <left>1675</left>
            <animation type="WindowOpen" condition="!Skin.HasSetting(osd.useOneSecondCodecLogos) + !Skin.HasSetting(osd.useTwoSecondsCodecLogos) + !Skin.HasSetting(osd.useThreeSecondsCodecLogos) + !Skin.HasSetting(osd.useFourSecondsCodecLogos) + !Skin.HasSetting(osd.useFiveSecondsCodecLogos) + !Skin.HasSetting(osd.useSixSecondsCodecLogos) + !Skin.HasSetting(osd.useSevenSecondsCodecLogos) + !Skin.HasSetting(osd.useEightSecondsCodecLogos) + !Skin.HasSetting(osd.useNineSecondsCodecLogos) + !Skin.HasSetting(osd.useTenSecondsCodecLogos) + !Skin.HasSetting(osd.useElevenSecondsCodecLogos) + !Skin.HasSetting(osd.useTwelveSecondsCodecLogos) + !Skin.HasSetting(osd.useThirteenSecondsCodecLogos) + !Skin.HasSetting(osd.useFourteenSecondsCodecLogos) + !Skin.HasSetting(osd.useFifteenSecondsCodecLogos)">
                <effect type="fade" start="0" end="100" time="300" />
                <effect type="fade" start="100" end="0" delay="7000" time="500" tween="sine" />
            </animation>
            <animation type="WindowOpen" condition="Skin.HasSetting(osd.useOneSecondCodecLogos)">
                <effect type="fade" start="0" end="100" time="300" />
                <effect type="fade" start="100" end="0" delay="3000" time="500" tween="sine" />
            </animation>
            <animation type="WindowOpen" condition="Skin.HasSetting(osd.useTwoSecondsCodecLogos)">
                <effect type="fade" start="0" end="100" time="300" />
                <effect type="fade" start="100" end="0" delay="4000" time="500" tween="sine" />
            </animation>
            <animation type="WindowOpen" condition="Skin.HasSetting(osd.useThreeSecondsCodecLogos)">
                <effect type="fade" start="0" end="100" time="300" />
                <effect type="fade" start="100" end="0" delay="5000" time="500" tween="sine" />
            </animation>
            <animation type="WindowOpen" condition="Skin.HasSetting(osd.useFourSecondsCodecLogos)">
                <effect type="fade" start="0" end="100" time="300" />
                <effect type="fade" start="100" end="0" delay="6000" time="500" tween="sine" />
            </animation>
            <animation type="WindowOpen" condition="Skin.HasSetting(osd.useFiveSecondsCodecLogos)">
                <effect type="fade" start="0" end="100" time="300" />
                <effect type="fade" start="100" end="0" delay="7000" time="500" tween="sine" />
            </animation>
            <animation type="WindowOpen" condition="Skin.HasSetting(osd.useSixSecondsCodecLogos)">
                <effect type="fade" start="0" end="100" time="300" />
                <effect type="fade" start="100" end="0" delay="8000" time="500" tween="sine" />
            </animation>
            <animation type="WindowOpen" condition="Skin.HasSetting(osd.useSevenSecondsCodecLogos)">
                <effect type="fade" start="0" end="100" time="300" />
                <effect type="fade" start="100" end="0" delay="9000" time="500" tween="sine" />
            </animation>
            <animation type="WindowOpen" condition="Skin.HasSetting(osd.useEightSecondsCodecLogos)">
                <effect type="fade" start="0" end="100" time="300" />
                <effect type="fade" start="100" end="0" delay="10000" time="500" tween="sine" />
            </animation>
            <animation type="WindowOpen" condition="Skin.HasSetting(osd.useNineSecondsCodecLogos)">
                <effect type="fade" start="0" end="100" time="300" />
                <effect type="fade" start="100" end="0" delay="11000" time="500" tween="sine" />
            </animation>
            <animation type="WindowOpen" condition="Skin.HasSetting(osd.useTenSecondsCodecLogos)">
                <effect type="fade" start="0" end="100" time="300" />
                <effect type="fade" start="100" end="0" delay="12000" time="500" tween="sine" />
            </animation>
            <animation type="WindowOpen" condition="Skin.HasSetting(osd.useElevenSecondsCodecLogos)">
                <effect type="fade" start="0" end="100" time="300" />
                <effect type="fade" start="100" end="0" delay="13000" time="500" tween="sine" />
            </animation>
            <animation type="WindowOpen" condition="Skin.HasSetting(osd.useTwelveSecondsCodecLogos)">
                <effect type="fade" start="0" end="100" time="300" />
                <effect type="fade" start="100" end="0" delay="14000" time="500" tween="sine" />
            </animation>
            <animation type="WindowOpen" condition="Skin.HasSetting(osd.useThirteenSecondsCodecLogos)">
                <effect type="fade" start="0" end="100" time="300" />
                <effect type="fade" start="100" end="0" delay="15000" time="500" tween="sine" />
            </animation>
            <animation type="WindowOpen" condition="Skin.HasSetting(osd.useFourteenSecondsCodecLogos)">
                <effect type="fade" start="0" end="100" time="300" />
                <effect type="fade" start="100" end="0" delay="16000" time="500" tween="sine" />
            </animation>
            <animation type="WindowOpen" condition="Skin.HasSetting(osd.useFifteenSecondsCodecLogos)">
                <effect type="fade" start="0" end="100" time="300" />
                <effect type="fade" start="100" end="0" delay="17000" time="500" tween="sine" />
            </animation>
			
            <include content="Video_Audio_Background_Flag">
                <param name="groupId">46</param>
                <param name="imageId">47</param>
                <param name="visible">!String.IsEmpty(Player.Process(video.source.hdr.type.raw)) + !String.IsEmpty(VideoPlayer.AudioCodec)</param>
                <param name="texture">common/corner.png</param>
                <param name="colordiffuse">80FFFFFF</param>
            </include>
			
            <include content="Video_Background_Flag">
                <param name="groupId">48</param>
                <param name="imageId">49</param>
                <param name="visible">!String.IsEmpty(Player.Process(video.source.hdr.type.raw)) + String.IsEmpty(VideoPlayer.AudioCodec)</param>
                <param name="texture">common/corner_small.png</param>
                <param name="colordiffuse">80FFFFFF</param>
            </include>
			
            <include content="Audio_Background_Flag">
                <param name="groupId">50</param>
                <param name="imageId">51</param>
                <param name="visible">String.IsEmpty(Player.Process(video.source.hdr.type.raw)) + !String.IsEmpty(VideoPlayer.AudioCodec)</param>
                <param name="texture">common/corner_small.png</param>
                <param name="colordiffuse">80FFFFFF</param>
            </include>
			
            <include content="SDR_Bypass_Flag">
                <param name="groupId">52</param>
                <param name="imageId">53</param>
                <param name="visible">String.IsEqual(Player.Process(video.source.hdr.type.raw), 0) + String.Contains(Player.Process(amlogic.vs10.mode),Bypass)</param>
                <param name="texture">codecs/SDR.png</param>
                <param name="colordiffuse">dialog_fg_90</param>
            </include>
			
            <include content="HDR10_Bypass_Flag">
                <param name="groupId">54</param>
                <param name="imageId">55</param>
                <param name="visible">String.IsEqual(Player.Process(video.source.hdr.type.raw), 1) + String.Contains(Player.Process(amlogic.vs10.mode),Bypass)</param>
                <param name="texture">codecs/HDR10.png</param>
                <param name="colordiffuse">dialog_fg_90</param>
            </include>
			
            <include content="HDR10Plus_Bypass_Flag">
                <param name="groupId">56</param>
                <param name="imageId">57</param>
                <param name="visible">String.IsEqual(Player.Process(video.source.hdr.type.raw), 2) + String.Contains(Player.Process(amlogic.vs10.mode),Bypass)</param>
                <param name="texture">codecs/HDR10Plus.png</param>
                <param name="colordiffuse">dialog_fg_90</param>
            </include>
			
            <include content="DV_Bypass_Flag">
                <param name="groupId">58</param>
                <param name="imageId">59</param>
                <param name="visible">String.IsEqual(Player.Process(video.source.hdr.type.raw), 3) + String.Contains(Player.Process(amlogic.vs10.mode),Bypass)</param>
                <param name="texture">codecs/Dolby_Vision.png</param>
                <param name="colordiffuse">dialog_fg_90</param>
            </include>
			
            <include content="HLG_Bypass_Flag">
                <param name="groupId">60</param>
                <param name="imageId">61</param>
                <param name="visible">String.IsEqual(Player.Process(video.source.hdr.type.raw), 4) + String.Contains(Player.Process(amlogic.vs10.mode),Bypass)</param>
                <param name="texture">codecs/HLG.png</param>
                <param name="colordiffuse">dialog_fg_90</param>
            </include>
			
            <include content="VS10_SDR_Flag">
                <param name="groupId">62</param>
                <param name="imageId">63</param>
                <param name="visible">String.Contains(Player.Process(amlogic.vs10.mode),SDR)</param>
                <param name="texture">codecs/SDR.png</param>
                <param name="colordiffuse">dialog_fg_90</param>
            </include>
			
            <include content="VS10_HDR10_Flag">
                <param name="groupId">64</param>
                <param name="imageId">65</param>
                <param name="visible">String.Contains(Player.Process(amlogic.vs10.mode),HDR10)</param>
                <param name="texture">codecs/HDR10.png</param>
                <param name="colordiffuse">dialog_fg_90</param>
            </include>
			
            <include content="VS10_HDR10Plus_Flag">
                <param name="groupId">66</param>
                <param name="imageId">67</param>
                <param name="visible">String.IsEqual(Player.Process(video.source.hdr.type.raw), 2) + !String.Contains(Player.Process(amlogic.vs10.mode),Dolby Vision) + !String.Contains(Player.Process(amlogic.vs10.mode),SDR) + !String.Contains(Player.Process(amlogic.vs10.mode),HLG)</param>
                <param name="texture">codecs/HDR10Plus.png</param>
                <param name="colordiffuse">dialog_fg_90</param>
            </include>
			
            <include content="VS10_DV_Flag">
                <param name="groupId">68</param>
                <param name="imageId">69</param>
                <param name="visible">String.Contains(Player.Process(amlogic.vs10.mode),Dolby Vision)</param>
                <param name="texture">codecs/Dolby_Vision.png</param>
                <param name="colordiffuse">dialog_fg_90</param>
            </include>
			
            <include content="VS10_HLG_Flag">
                <param name="groupId">70</param>
                <param name="imageId">71</param>
                <param name="visible">String.Contains(Player.Process(amlogic.vs10.mode),HLG)</param>
                <param name="texture">codecs/Dolby_Vision.png</param>
                <param name="colordiffuse">dialog_fg_90</param>
            </include>
			
            <include content="Separation_Line_Flag">
                <param name="groupId">72</param>
                <param name="imageId">73</param>
                <param name="visible">String.IsEqual(VideoPlayer.AudioCodec,aac) | String.IsEqual(VideoPlayer.AudioCodec,aac_latm) | String.IsEqual(VideoPlayer.AudioCodec,ac3) | String.IsEqual(VideoPlayer.AudioCodec,dca) | String.IsEqual(VideoPlayer.AudioCodec,dolbydigital) | String.IsEqual(VideoPlayer.AudioCodec,dtshd) | String.IsEqual(VideoPlayer.AudioCodec,dtshd_ma) | String.IsEqual(VideoPlayer.AudioCodec,dtshd_hra) | String.IsEqual(VideoPlayer.AudioCodec,dtshd_ma_x) | String.IsEqual(VideoPlayer.AudioCodec,dtshd_ma_x_imax) | String.IsEqual(VideoPlayer.AudioCodec,eac3) | String.IsEqual(VideoPlayer.AudioCodec,eac3_ddp_atmos) | String.IsEqual(VideoPlayer.AudioCodec,mp3) | String.IsEqual(VideoPlayer.AudioCodec,mp3float) | String.IsEqual(VideoPlayer.AudioCodec,flac) | String.IsEqual(VideoPlayer.AudioCodec,opus) | String.IsEqual(VideoPlayer.AudioCodec,pcm) | String.IsEqual(VideoPlayer.AudioCodec,pcm_bluray) | String.IsEqual(VideoPlayer.AudioCodec,pcm_s16le) | String.IsEqual(VideoPlayer.AudioCodec,pcm_s24le) | String.IsEqual(VideoPlayer.AudioCodec,truehd) | String.IsEqual(VideoPlayer.AudioCodec,truehd_atmos)</param>
                <param name="texture">common/selectedwhite.png</param>
                <param name="colordiffuse">80FFFFFF</param>
            </include>
			
            <include content="PCM_Flag">
                <param name="groupId">74</param>
                <param name="imageId">75</param>
                <param name="visible">String.IsEqual(VideoPlayer.AudioCodec,pcm) | String.IsEqual(VideoPlayer.AudioCodec,pcm_bluray) | String.IsEqual(VideoPlayer.AudioCodec,pcm_s16le) | String.IsEqual(VideoPlayer.AudioCodec,pcm_s24le)</param>
                <param name="texture">codecs/PCM.png</param>
                <param name="colordiffuse">dialog_fg_90</param>
            </include>
			
            <include content="AAC_Flag">
                <param name="groupId">76</param>
                <param name="imageId">77</param>
                <param name="visible">String.IsEqual(VideoPlayer.AudioCodec,aac) | String.IsEqual(VideoPlayer.AudioCodec,aac_latm)</param>
                <param name="texture">codecs/AAC.png</param>
                <param name="colordiffuse">dialog_fg_90</param>
            </include>
			
            <include content="Dolby_Digital_Flag">
                <param name="groupId">78</param>
                <param name="imageId">79</param>
                <param name="visible">String.IsEqual(VideoPlayer.AudioCodec,dolbydigital) | String.IsEqual(VideoPlayer.AudioCodec,ac3)</param>
                <param name="texture">codecs/Dolby_Digital.png</param>
                <param name="colordiffuse">dialog_fg_90</param>
            </include>
			
            <include content="Dolby_Digital_Plus_Flag">
                <param name="groupId">80</param>
                <param name="imageId">81</param>
                <param name="visible">String.IsEqual(VideoPlayer.AudioCodec,eac3)</param>
                <param name="texture">codecs/Dolby_Digital_Plus.png</param>
                <param name="colordiffuse">dialog_fg_90</param>
            </include>
			
            <include content="Dolby_Atmos_Flag">
                <param name="groupId">82</param>
                <param name="imageId">83</param>
                <param name="visible">String.IsEqual(VideoPlayer.AudioCodec,truehd_atmos)</param>
                <param name="texture">codecs/Dolby_TrueHD_Atmos.png</param>
                <param name="colordiffuse">dialog_fg_90</param>
            </include>
			
            <include content="Dolby_TrueHD_Flag">
                <param name="groupId">84</param>
                <param name="imageId">85</param>
                <param name="visible">String.IsEqual(VideoPlayer.AudioCodec,truehd)</param>
                <param name="texture">codecs/Dolby_TrueHD.png</param>
                <param name="colordiffuse">dialog_fg_90</param>
            </include>
			
            <include content="Dolby_Atmos1_Flag">
                <param name="groupId">86</param>
                <param name="imageId">87</param>
                <param name="visible">String.IsEqual(VideoPlayer.AudioCodec,eac3_ddp_atmos)</param>
                <param name="texture">codecs/Dolby_Digital_Plus_Atmos.png</param>
                <param name="colordiffuse">dialog_fg_90</param>
            </include>
			
            <include content="MP3_Flag">
                <param name="groupId">88</param>
                <param name="imageId">89</param>
                <param name="visible">String.IsEqual(VideoPlayer.AudioCodec,mp3) | String.IsEqual(VideoPlayer.AudioCodec,mp3float)</param>
                <param name="texture">codecs/MP3.png</param>
                <param name="colordiffuse">dialog_fg_90</param>
            </include>
			
            <include content="DTS_Flag">
                <param name="groupId">90</param>
                <param name="imageId">91</param>
                <param name="visible">String.IsEqual(VideoPlayer.AudioCodec,dca)</param>
                <param name="texture">codecs/DTS.png</param>
                <param name="colordiffuse">dialog_fg_90</param>
            </include>
			
            <include content="DTS_HD_MA_Flag">
                <param name="groupId">92</param>
                <param name="imageId">93</param>
                <param name="visible">String.IsEqual(VideoPlayer.AudioCodec,dtshd_ma)</param>
                <param name="texture">codecs/DTS-HD-MA.png</param>
                <param name="colordiffuse">dialog_fg_90</param>
            </include>
			
            <include content="DTS_HD_HRA_Flag">
                <param name="groupId">94</param>
                <param name="imageId">95</param>
                <param name="visible">String.IsEqual(VideoPlayer.AudioCodec,dtshd_hra)</param>
                <param name="texture">codecs/DTS-HD-HRA.png</param>
                <param name="colordiffuse">dialog_fg_90</param>
            </include>
			
            <include content="DTS_X_Flag">
                <param name="groupId">96</param>
                <param name="imageId">97</param>
                <param name="visible">String.IsEqual(VideoPlayer.AudioCodec,dtshd_ma_x)</param>
                <param name="texture">codecs/DTSX.png</param>
                <param name="colordiffuse">dialog_fg_90</param>
            </include>
			
            <include content="IMAX_Flag">
                <param name="groupId">98</param>
                <param name="imageId">99</param>
                <param name="visible">String.IsEqual(VideoPlayer.AudioCodec,dtshd_ma_x_imax)</param>
                <param name="texture">codecs/IMAX.png</param>
                <param name="colordiffuse">dialog_fg_90</param>
            </include>
			
            <include content="FLAC_Flag">
                <param name="groupId">100</param>
                <param name="imageId">101</param>
                <param name="visible">String.IsEqual(VideoPlayer.AudioCodec,flac)</param>
                <param name="texture">codecs/FLAC.png</param>
                <param name="colordiffuse">dialog_fg_90</param>
            </include>
			
            <include content="OPUS_Flag">
                <param name="groupId">102</param>
                <param name="imageId">103</param>
                <param name="visible">String.IsEqual(VideoPlayer.AudioCodec,opus)</param>
                <param name="texture">codecs/OPUS.png</param>
                <param name="colordiffuse">dialog_fg_90</param>
            </include>
			
            <include content="VS10_Indicator_Flag">
                <param name="groupId">104</param>
                <param name="imageId">105</param>
                <param name="visible">String.Contains(Player.Process(amlogic.vs10.mode),SDR) | String.Contains(Player.Process(amlogic.vs10.mode),HDR10) | String.Contains(Player.Process(amlogic.vs10.mode),Dolby Vision)</param>
                <param name="texture">codecs/VS10.png</param>
                <param name="colordiffuse">AB16A34A</param>
            </include>
        </control>
    </controls>
</window>
